Team 1,Team 2,Winner,Margin,Ground,Match Date,Year,Scorecard
Mum Indians,Supergiants,Supergiants,9 wickets,Mumbai,04-09-2016,2016,http://stats.espncricinfo.com/indian-premier-league-2016/engine/match/980901.html
KKR,Daredevils,KKR,9 wickets,Kolkata,04-10-2016,2016,http://stats.espncricinfo.com/indian-premier-league-2016/engine/match/980903.html
Kings XI,Guj Lions,Guj Lions,5 wickets,Mohali,04-11-2016,2016,http://stats.espncricinfo.com/indian-premier-league-2016/engine/match/980905.html
RCB,Sunrisers,RCB,45 runs,Bengaluru,04-12-2016,2016,http://stats.espncricinfo.com/indian-premier-league-2016/engine/match/980907.html
KKR,Mum Indians,Mum Indians,6 wickets,Kolkata,04-13-2016,2016,http://stats.espncricinfo.com/indian-premier-league-2016/engine/match/980909.html
Guj Lions,Supergiants,Guj Lions,7 wickets,Rajkot,04-14-2016,2016,http://stats.espncricinfo.com/indian-premier-league-2016/engine/match/980911.html
Daredevils,Kings XI,Daredevils,8 wickets,Delhi,04-15-2016,2016,http://stats.espncricinfo.com/indian-premier-league-2016/engine/match/980913.html
Sunrisers,KKR,KKR,8 wickets,Hyderabad (Deccan),04-16-2016,2016,http://stats.espncricinfo.com/indian-premier-league-2016/engine/match/980915.html
Mum Indians,Guj Lions,Guj Lions,3 wickets,Mumbai,04-16-2016,2016,http://stats.espncricinfo.com/indian-premier-league-2016/engine/match/980917.html
Kings XI,Supergiants,Kings XI,6 wickets,Mohali,04-17-2016,2016,http://stats.espncricinfo.com/indian-premier-league-2016/engine/match/980919.html
RCB,Daredevils,Daredevils,7 wickets,Bengaluru,04-17-2016,2016,http://stats.espncricinfo.com/indian-premier-league-2016/engine/match/980921.html
Sunrisers,Mum Indians,Sunrisers,7 wickets,Hyderabad (Deccan),04-18-2016,2016,http://stats.espncricinfo.com/indian-premier-league-2016/engine/match/980923.html
Kings XI,KKR,KKR,6 wickets,Mohali,04-19-2016,2016,http://stats.espncricinfo.com/indian-premier-league-2016/engine/match/980925.html
Mum Indians,RCB,Mum Indians,6 wickets,Mumbai,04-20-2016,2016,http://stats.espncricinfo.com/indian-premier-league-2016/engine/match/980927.html
Guj Lions,Sunrisers,Sunrisers,10 wickets,Rajkot,04-21-2016,2016,http://stats.espncricinfo.com/indian-premier-league-2016/engine/match/980929.html
Supergiants,RCB,RCB,13 runs,Pune,04-22-2016,2016,http://stats.espncricinfo.com/indian-premier-league-2016/engine/match/980931.html
Daredevils,Mum Indians,Daredevils,10 runs,Delhi,04-23-2016,2016,http://stats.espncricinfo.com/indian-premier-league-2016/engine/match/980933.html
Sunrisers,Kings XI,Sunrisers,5 wickets,Hyderabad (Deccan),04-23-2016,2016,http://stats.espncricinfo.com/indian-premier-league-2016/engine/match/980935.html
Guj Lions,RCB,Guj Lions,6 wickets,Rajkot,04-24-2016,2016,http://stats.espncricinfo.com/indian-premier-league-2016/engine/match/980937.html
Supergiants,KKR,KKR,2 wickets,Pune,04-24-2016,2016,http://stats.espncricinfo.com/indian-premier-league-2016/engine/match/980939.html
Kings XI,Mum Indians,Mum Indians,25 runs,Mohali,04-25-2016,2016,http://stats.espncricinfo.com/indian-premier-league-2016/engine/match/980941.html
Sunrisers,Supergiants,Supergiants,34 runs,Hyderabad (Deccan),04-26-2016,2016,http://stats.espncricinfo.com/indian-premier-league-2016/engine/match/980943.html
Daredevils,Guj Lions,Guj Lions,1 run,Delhi,04-27-2016,2016,http://stats.espncricinfo.com/indian-premier-league-2016/engine/match/980945.html
Mum Indians,KKR,Mum Indians,6 wickets,Mumbai,04-28-2016,2016,http://stats.espncricinfo.com/indian-premier-league-2016/engine/match/980947.html
Supergiants,Guj Lions,Guj Lions,3 wickets,Pune,04-29-2016,2016,http://stats.espncricinfo.com/indian-premier-league-2016/engine/match/980949.html
Daredevils,KKR,Daredevils,27 runs,Delhi,04-30-2016,2016,http://stats.espncricinfo.com/indian-premier-league-2016/engine/match/980951.html
Sunrisers,RCB,Sunrisers,15 runs,Hyderabad (Deccan),04-30-2016,2016,http://stats.espncricinfo.com/indian-premier-league-2016/engine/match/980953.html
Guj Lions,Kings XI,Kings XI,23 runs,Rajkot,05-01-2016,2016,http://stats.espncricinfo.com/indian-premier-league-2016/engine/match/980955.html
Supergiants,Mum Indians,Mum Indians,8 wickets,Pune,05-01-2016,2016,http://stats.espncricinfo.com/indian-premier-league-2016/engine/match/980957.html
RCB,KKR,KKR,5 wickets,Bengaluru,05-02-2016,2016,http://stats.espncricinfo.com/indian-premier-league-2016/engine/match/980959.html
Guj Lions,Daredevils,Daredevils,8 wickets,Rajkot,05-03-2016,2016,http://stats.espncricinfo.com/indian-premier-league-2016/engine/match/980961.html
KKR,Kings XI,KKR,7 runs,Kolkata,05-04-2016,2016,http://stats.espncricinfo.com/indian-premier-league-2016/engine/match/980963.html
Daredevils,Supergiants,Supergiants,7 wickets,Delhi,05-05-2016,2016,http://stats.espncricinfo.com/indian-premier-league-2016/engine/match/980965.html
Sunrisers,Guj Lions,Sunrisers,5 wickets,Hyderabad (Deccan),05-06-2016,2016,http://stats.espncricinfo.com/indian-premier-league-2016/engine/match/980967.html
RCB,Supergiants,RCB,7 wickets,Bengaluru,05-07-2016,2016,http://stats.espncricinfo.com/indian-premier-league-2016/engine/match/980969.html
Kings XI,Daredevils,Kings XI,9 runs,Mohali,05-07-2016,2016,http://stats.espncricinfo.com/indian-premier-league-2016/engine/match/980971.html
Mum Indians,Sunrisers,Sunrisers,85 runs,Visakhapatnam,05-08-2016,2016,http://stats.espncricinfo.com/indian-premier-league-2016/engine/match/980973.html
KKR,Guj Lions,Guj Lions,5 wickets,Kolkata,05-08-2016,2016,http://stats.espncricinfo.com/indian-premier-league-2016/engine/match/980975.html
Kings XI,RCB,RCB,1 run,Mohali,05-09-2016,2016,http://stats.espncricinfo.com/indian-premier-league-2016/engine/match/980977.html
Supergiants,Sunrisers,Sunrisers,4 runs,Visakhapatnam,05-10-2016,2016,http://stats.espncricinfo.com/indian-premier-league-2016/engine/match/980979.html
RCB,Mum Indians,Mum Indians,6 wickets,Bengaluru,05-11-2016,2016,http://stats.espncricinfo.com/indian-premier-league-2016/engine/match/980981.html
Sunrisers,Daredevils,Daredevils,7 wickets,Hyderabad (Deccan),05-12-2016,2016,http://stats.espncricinfo.com/indian-premier-league-2016/engine/match/980983.html
Mum Indians,Kings XI,Kings XI,7 wickets,Visakhapatnam,05-13-2016,2016,http://stats.espncricinfo.com/indian-premier-league-2016/engine/match/980985.html
RCB,Guj Lions,RCB,144 runs,Bengaluru,05-14-2016,2016,http://stats.espncricinfo.com/indian-premier-league-2016/engine/match/980987.html
KKR,Supergiants,KKR,8 wickets,Kolkata,05-14-2016,2016,http://stats.espncricinfo.com/indian-premier-league-2016/engine/match/980989.html
Kings XI,Sunrisers,Sunrisers,7 wickets,Mohali,05-15-2016,2016,http://stats.espncricinfo.com/indian-premier-league-2016/engine/match/980991.html
Mum Indians,Daredevils,Mum Indians,80 runs,Visakhapatnam,05-15-2016,2016,http://stats.espncricinfo.com/indian-premier-league-2016/engine/match/980993.html
KKR,RCB,RCB,9 wickets,Kolkata,05-16-2016,2016,http://stats.espncricinfo.com/indian-premier-league-2016/engine/match/980995.html
Supergiants,Daredevils,Supergiants,19 runs,Visakhapatnam,05-17-2016,2016,http://stats.espncricinfo.com/indian-premier-league-2016/engine/match/980997.html
RCB,Kings XI,RCB,82 runs,Bengaluru,05-18-2016,2016,http://stats.espncricinfo.com/indian-premier-league-2016/engine/match/980999.html
Guj Lions,KKR,Guj Lions,6 wickets,Kanpur,05-19-2016,2016,http://stats.espncricinfo.com/indian-premier-league-2016/engine/match/981001.html
Daredevils,Sunrisers,Daredevils,6 wickets,Raipur,05-20-2016,2016,http://stats.espncricinfo.com/indian-premier-league-2016/engine/match/981003.html
Supergiants,Kings XI,Supergiants,4 wickets,Visakhapatnam,05-21-2016,2016,http://stats.espncricinfo.com/indian-premier-league-2016/engine/match/981005.html
Guj Lions,Mum Indians,Guj Lions,6 wickets,Kanpur,05-21-2016,2016,http://stats.espncricinfo.com/indian-premier-league-2016/engine/match/981007.html
KKR,Sunrisers,KKR,22 runs,Kolkata,05-22-2016,2016,http://stats.espncricinfo.com/indian-premier-league-2016/engine/match/981009.html
Daredevils,RCB,RCB,6 wickets,Raipur,05-22-2016,2016,http://stats.espncricinfo.com/indian-premier-league-2016/engine/match/981011.html
Guj Lions,RCB,RCB,4 wickets,Bengaluru,05-24-2016,2016,http://stats.espncricinfo.com/indian-premier-league-2016/engine/match/981013.html
Sunrisers,KKR,Sunrisers,22 runs,Delhi,05-25-2016,2016,http://stats.espncricinfo.com/indian-premier-league-2016/engine/match/981015.html
Guj Lions,Sunrisers,Sunrisers,4 wickets,Delhi,05-27-2016,2016,http://stats.espncricinfo.com/indian-premier-league-2016/engine/match/981017.html
RCB,Sunrisers,Sunrisers,8 runs,Bengaluru,05-29-2016,2016,http://stats.espncricinfo.com/indian-premier-league-2016/engine/match/981019.html
KKR,Mum Indians,KKR,7 wickets,Kolkata,04-08-2015,2015,http://stats.espncricinfo.com/indian-premier-league-2015/engine/match/829705.html
Super Kings,Daredevils,Super Kings,1 run,Chennai,04-09-2015,2015,http://stats.espncricinfo.com/indian-premier-league-2015/engine/match/829707.html
Kings XI,Royals,Royals,26 runs,Pune,04-10-2015,2015,http://stats.espncricinfo.com/indian-premier-league-2015/engine/match/829709.html
Super Kings,Sunrisers,Super Kings,45 runs,Chennai,04-11-2015,2015,http://stats.espncricinfo.com/indian-premier-league-2015/engine/match/829711.html
KKR,RCB,RCB,3 wickets,Kolkata,04-11-2015,2015,http://stats.espncricinfo.com/indian-premier-league-2015/engine/match/829713.html
Daredevils,Royals,Royals,3 wickets,Delhi,04-12-2015,2015,http://stats.espncricinfo.com/indian-premier-league-2015/engine/match/829715.html
Mum Indians,Kings XI,Kings XI,18 runs,Mumbai,04-12-2015,2015,http://stats.espncricinfo.com/indian-premier-league-2015/engine/match/829717.html
RCB,Sunrisers,Sunrisers,8 wickets,Bengaluru,04-13-2015,2015,http://stats.espncricinfo.com/indian-premier-league-2015/engine/match/829719.html
Royals,Mum Indians,Royals,7 wickets,Ahmedabad,04-14-2015,2015,http://stats.espncricinfo.com/indian-premier-league-2015/engine/match/829721.html
Kings XI,Daredevils,Daredevils,5 wickets,Pune,04-15-2015,2015,http://stats.espncricinfo.com/indian-premier-league-2015/engine/match/829725.html
Sunrisers,Royals,Royals,6 wickets,Visakhapatnam,04-16-2015,2015,http://stats.espncricinfo.com/indian-premier-league-2015/engine/match/829727.html
Mum Indians,Super Kings,Super Kings,6 wickets,Mumbai,04-17-2015,2015,http://stats.espncricinfo.com/indian-premier-league-2015/engine/match/829729.html
Sunrisers,Daredevils,Daredevils,4 runs,Visakhapatnam,04-18-2015,2015,http://stats.espncricinfo.com/indian-premier-league-2015/engine/match/829731.html
Kings XI,KKR,KKR,4 wickets,Pune,04-18-2015,2015,http://stats.espncricinfo.com/indian-premier-league-2015/engine/match/829733.html
Royals,Super Kings,Royals,8 wickets,Ahmedabad,04-19-2015,2015,http://stats.espncricinfo.com/indian-premier-league-2015/engine/match/829735.html
RCB,Mum Indians,Mum Indians,18 runs,Bengaluru,04-19-2015,2015,http://stats.espncricinfo.com/indian-premier-league-2015/engine/match/829737.html
Daredevils,KKR,KKR,6 wickets,Delhi,04-20-2015,2015,http://stats.espncricinfo.com/indian-premier-league-2015/engine/match/829739.html
Royals,Kings XI,tied,,Ahmedabad,04-21-2015,2015,http://stats.espncricinfo.com/indian-premier-league-2015/engine/match/829741.html
Sunrisers,KKR,Sunrisers,16 runs,Visakhapatnam,04-22-2015,2015,http://stats.espncricinfo.com/indian-premier-league-2015/engine/match/829743.html
RCB,Super Kings,Super Kings,27 runs,Bengaluru,04-22-2015,2015,http://stats.espncricinfo.com/indian-premier-league-2015/engine/match/829745.html
Daredevils,Mum Indians,Daredevils,37 runs,Delhi,04-23-2015,2015,http://stats.espncricinfo.com/indian-premier-league-2015/engine/match/829747.html
Royals,RCB,RCB,9 wickets,Ahmedabad,04-24-2015,2015,http://stats.espncricinfo.com/indian-premier-league-2015/engine/match/829749.html
Mum Indians,Sunrisers,Mum Indians,20 runs,Mumbai,04-25-2015,2015,http://stats.espncricinfo.com/indian-premier-league-2015/engine/match/829751.html
Super Kings,Kings XI,Super Kings,97 runs,Chennai,04-25-2015,2015,http://stats.espncricinfo.com/indian-premier-league-2015/engine/match/829753.html
KKR,Royals,abandoned,,Kolkata,04-26-2015,2015,http://stats.espncricinfo.com/indian-premier-league-2015/engine/match/829755.html
Daredevils,RCB,RCB,10 wickets,Delhi,04-26-2015,2015,http://stats.espncricinfo.com/indian-premier-league-2015/engine/match/829757.html
Kings XI,Sunrisers,Sunrisers,20 runs,Mohali,04-27-2015,2015,http://stats.espncricinfo.com/indian-premier-league-2015/engine/match/829759.html
Super Kings,KKR,Super Kings,2 runs,Chennai,04-28-2015,2015,http://stats.espncricinfo.com/indian-premier-league-2015/engine/match/829765.html
RCB,Royals,no result,,Bengaluru,04-29-2015,2015,http://stats.espncricinfo.com/indian-premier-league-2015/engine/match/829763.html
KKR,Super Kings,KKR,7 wickets,Kolkata,04-30-2015,2015,http://stats.espncricinfo.com/indian-premier-league-2015/engine/match/829723.html
Daredevils,Kings XI,Daredevils,9 wickets,Delhi,05-01-2015,2015,http://stats.espncricinfo.com/indian-premier-league-2015/engine/match/829767.html
Mum Indians,Royals,Mum Indians,8 runs,Mumbai,05-01-2015,2015,http://stats.espncricinfo.com/indian-premier-league-2015/engine/match/829769.html
RCB,KKR,RCB,7 wickets,Bengaluru,05-02-2015,2015,http://stats.espncricinfo.com/indian-premier-league-2015/engine/match/829771.html
Sunrisers,Super Kings,Sunrisers,22 runs,Hyderabad (Deccan),05-02-2015,2015,http://stats.espncricinfo.com/indian-premier-league-2015/engine/match/829773.html
Kings XI,Mum Indians,Mum Indians,23 runs,Mohali,05-03-2015,2015,http://stats.espncricinfo.com/indian-premier-league-2015/engine/match/829775.html
Royals,Daredevils,Royals,14 runs,Mumbai (BS),05-03-2015,2015,http://stats.espncricinfo.com/indian-premier-league-2015/engine/match/829777.html
Super Kings,RCB,Super Kings,24 runs,Chennai,05-04-2015,2015,http://stats.espncricinfo.com/indian-premier-league-2015/engine/match/829779.html
KKR,Sunrisers,KKR,35 runs,Kolkata,05-04-2015,2015,http://stats.espncricinfo.com/indian-premier-league-2015/engine/match/829781.html
Mum Indians,Daredevils,Mum Indians,5 wickets,Mumbai,05-05-2015,2015,http://stats.espncricinfo.com/indian-premier-league-2015/engine/match/829783.html
RCB,Kings XI,RCB,138 runs,Bengaluru,05-06-2015,2015,http://stats.espncricinfo.com/indian-premier-league-2015/engine/match/829785.html
Royals,Sunrisers,Sunrisers,7 runs,Mumbai (BS),05-07-2015,2015,http://stats.espncricinfo.com/indian-premier-league-2015/engine/match/829787.html
KKR,Daredevils,KKR,13 runs,Kolkata,05-07-2015,2015,http://stats.espncricinfo.com/indian-premier-league-2015/engine/match/829761.html
Super Kings,Mum Indians,Mum Indians,6 wickets,Chennai,05-08-2015,2015,http://stats.espncricinfo.com/indian-premier-league-2015/engine/match/829789.html
KKR,Kings XI,KKR,1 wicket,Kolkata,05-09-2015,2015,http://stats.espncricinfo.com/indian-premier-league-2015/engine/match/829791.html
Daredevils,Sunrisers,Sunrisers,6 runs,Raipur,05-09-2015,2015,http://stats.espncricinfo.com/indian-premier-league-2015/engine/match/829793.html
Mum Indians,RCB,RCB,39 runs,Mumbai,05-10-2015,2015,http://stats.espncricinfo.com/indian-premier-league-2015/engine/match/829795.html
Super Kings,Royals,Super Kings,12 runs,Chennai,05-10-2015,2015,http://stats.espncricinfo.com/indian-premier-league-2015/engine/match/829797.html
Sunrisers,Kings XI,Sunrisers,5 runs,Hyderabad (Deccan),05-11-2015,2015,http://stats.espncricinfo.com/indian-premier-league-2015/engine/match/829799.html
Daredevils,Super Kings,Daredevils,6 wickets,Raipur,05-12-2015,2015,http://stats.espncricinfo.com/indian-premier-league-2015/engine/match/829801.html
Kings XI,RCB,Kings XI,22 runs,Mohali,05-13-2015,2015,http://stats.espncricinfo.com/indian-premier-league-2015/engine/match/829803.html
Mum Indians,KKR,Mum Indians,5 runs,Mumbai,05-14-2015,2015,http://stats.espncricinfo.com/indian-premier-league-2015/engine/match/829805.html
Sunrisers,RCB,RCB,6 wickets,Hyderabad (Deccan),05-15-2015,2015,http://stats.espncricinfo.com/indian-premier-league-2015/engine/match/829807.html
Kings XI,Super Kings,Super Kings,7 wickets,Mohali,05-16-2015,2015,http://stats.espncricinfo.com/indian-premier-league-2015/engine/match/829809.html
Royals,KKR,Royals,9 runs,Mumbai (BS),05-16-2015,2015,http://stats.espncricinfo.com/indian-premier-league-2015/engine/match/829811.html
RCB,Daredevils,no result,,Bengaluru,05-17-2015,2015,http://stats.espncricinfo.com/indian-premier-league-2015/engine/match/829813.html
Sunrisers,Mum Indians,Mum Indians,9 wickets,Hyderabad (Deccan),05-17-2015,2015,http://stats.espncricinfo.com/indian-premier-league-2015/engine/match/829815.html
Super Kings,Mum Indians,Mum Indians,25 runs,Mumbai,05-19-2015,2015,http://stats.espncricinfo.com/indian-premier-league-2015/engine/match/829817.html
RCB,Royals,RCB,71 runs,Pune,05-20-2015,2015,http://stats.espncricinfo.com/indian-premier-league-2015/engine/match/829819.html
Super Kings,RCB,Super Kings,3 wickets,Ranchi,05-22-2015,2015,http://stats.espncricinfo.com/indian-premier-league-2015/engine/match/829821.html
Mum Indians,Super Kings,Mum Indians,41 runs,Kolkata,05-24-2015,2015,http://stats.espncricinfo.com/indian-premier-league-2015/engine/match/829823.html
Mum Indians,KKR,KKR,41 runs,Abu Dhabi,04-16-2014,2014,http://stats.espncricinfo.com/indian-premier-league-2014/engine/match/729279.html
Daredevils,RCB,RCB,8 wickets,Sharjah,04-17-2014,2014,http://stats.espncricinfo.com/indian-premier-league-2014/engine/match/729281.html
Super Kings,Kings XI,Kings XI,6 wickets,Abu Dhabi,04-18-2014,2014,http://stats.espncricinfo.com/indian-premier-league-2014/engine/match/729283.html
Sunrisers,Royals,Royals,4 wickets,Abu Dhabi,04-18-2014,2014,http://stats.espncricinfo.com/indian-premier-league-2014/engine/match/729285.html
RCB,Mum Indians,RCB,7 wickets,Dubai (DSC),04-19-2014,2014,http://stats.espncricinfo.com/indian-premier-league-2014/engine/match/729287.html
KKR,Daredevils,Daredevils,4 wickets,Dubai (DSC),04-19-2014,2014,http://stats.espncricinfo.com/indian-premier-league-2014/engine/match/729289.html
Royals,Kings XI,Kings XI,7 wickets,Sharjah,04-20-2014,2014,http://stats.espncricinfo.com/indian-premier-league-2014/engine/match/729291.html
Super Kings,Daredevils,Super Kings,93 runs,Abu Dhabi,04-21-2014,2014,http://stats.espncricinfo.com/indian-premier-league-2014/engine/match/729293.html
Kings XI,Sunrisers,Kings XI,72 runs,Sharjah,04-22-2014,2014,http://stats.espncricinfo.com/indian-premier-league-2014/engine/match/729295.html
Royals,Super Kings,Super Kings,7 runs,Dubai (DSC),04-23-2014,2014,http://stats.espncricinfo.com/indian-premier-league-2014/engine/match/729297.html
RCB,KKR,KKR,2 runs,Sharjah,04-24-2014,2014,http://stats.espncricinfo.com/indian-premier-league-2014/engine/match/729299.html
Sunrisers,Daredevils,Sunrisers,4 runs,Dubai (DSC),04-25-2014,2014,http://stats.espncricinfo.com/indian-premier-league-2014/engine/match/729301.html
Super Kings,Mum Indians,Super Kings,7 wickets,Dubai (DSC),04-25-2014,2014,http://stats.espncricinfo.com/indian-premier-league-2014/engine/match/729303.html
Royals,RCB,Royals,6 wickets,Abu Dhabi,04-26-2014,2014,http://stats.espncricinfo.com/indian-premier-league-2014/engine/match/729305.html
KKR,Kings XI,Kings XI,23 runs,Abu Dhabi,04-26-2014,2014,http://stats.espncricinfo.com/indian-premier-league-2014/engine/match/729307.html
Daredevils,Mum Indians,Daredevils,6 wickets,Sharjah,04-27-2014,2014,http://stats.espncricinfo.com/indian-premier-league-2014/engine/match/729309.html
Sunrisers,Super Kings,Super Kings,5 wickets,Sharjah,04-27-2014,2014,http://stats.espncricinfo.com/indian-premier-league-2014/engine/match/729311.html
Kings XI,RCB,Kings XI,5 wickets,Dubai (DSC),04-28-2014,2014,http://stats.espncricinfo.com/indian-premier-league-2014/engine/match/729313.html
KKR,Royals,tied,,Abu Dhabi,04-29-2014,2014,http://stats.espncricinfo.com/indian-premier-league-2014/engine/match/729315.html
Mum Indians,Sunrisers,Sunrisers,15 runs,Dubai (DSC),04-30-2014,2014,http://stats.espncricinfo.com/indian-premier-league-2014/engine/match/729317.html
Super Kings,KKR,Super Kings,34 runs,Ranchi,05-02-2014,2014,http://stats.espncricinfo.com/indian-premier-league-2014/engine/match/733971.html
Mum Indians,Kings XI,Mum Indians,5 wickets,Mumbai,05-03-2014,2014,http://stats.espncricinfo.com/indian-premier-league-2014/engine/match/733973.html
Daredevils,Royals,Royals,7 wickets,Delhi,05-03-2014,2014,http://stats.espncricinfo.com/indian-premier-league-2014/engine/match/733975.html
RCB,Sunrisers,RCB,4 wickets,Bengaluru,05-04-2014,2014,http://stats.espncricinfo.com/indian-premier-league-2014/engine/match/733977.html
Royals,KKR,Royals,10 runs,Ahmedabad,05-05-2014,2014,http://stats.espncricinfo.com/indian-premier-league-2014/engine/match/733979.html
Daredevils,Super Kings,Super Kings,8 wickets,Delhi,05-05-2014,2014,http://stats.espncricinfo.com/indian-premier-league-2014/engine/match/733981.html
Mum Indians,RCB,Mum Indians,19 runs,Mumbai,05-06-2014,2014,http://stats.espncricinfo.com/indian-premier-league-2014/engine/match/733983.html
Daredevils,KKR,KKR,8 wickets,Delhi,05-07-2014,2014,http://stats.espncricinfo.com/indian-premier-league-2014/engine/match/733985.html
Kings XI,Super Kings,Kings XI,44 runs,Cuttack,05-07-2014,2014,http://stats.espncricinfo.com/indian-premier-league-2014/engine/match/733987.html
Royals,Sunrisers,Sunrisers,32 runs,Ahmedabad,05-08-2014,2014,http://stats.espncricinfo.com/indian-premier-league-2014/engine/match/733989.html
RCB,Kings XI,Kings XI,32 runs,Bengaluru,05-09-2014,2014,http://stats.espncricinfo.com/indian-premier-league-2014/engine/match/733991.html
Daredevils,Sunrisers,Sunrisers,8 wickets,Delhi,05-10-2014,2014,http://stats.espncricinfo.com/indian-premier-league-2014/engine/match/733993.html
Mum Indians,Super Kings,Super Kings,4 wickets,Mumbai,05-10-2014,2014,http://stats.espncricinfo.com/indian-premier-league-2014/engine/match/733995.html
Kings XI,KKR,KKR,9 wickets,Cuttack,05-11-2014,2014,http://stats.espncricinfo.com/indian-premier-league-2014/engine/match/733997.html
RCB,Royals,Royals,5 wickets,Bengaluru,05-11-2014,2014,http://stats.espncricinfo.com/indian-premier-league-2014/engine/match/733999.html
Sunrisers,Mum Indians,Mum Indians,7 wickets,Hyderabad (Deccan),05-12-2014,2014,http://stats.espncricinfo.com/indian-premier-league-2014/engine/match/734001.html
Super Kings,Royals,Super Kings,5 wickets,Ranchi,05-13-2014,2014,http://stats.espncricinfo.com/indian-premier-league-2014/engine/match/734003.html
RCB,Daredevils,RCB,16 runs,Bengaluru,05-13-2014,2014,http://stats.espncricinfo.com/indian-premier-league-2014/engine/match/734005.html
Sunrisers,Kings XI,Kings XI,6 wickets,Hyderabad (Deccan),05-14-2014,2014,http://stats.espncricinfo.com/indian-premier-league-2014/engine/match/734007.html
KKR,Mum Indians,KKR,6 wickets,Cuttack,05-14-2014,2014,http://stats.espncricinfo.com/indian-premier-league-2014/engine/match/734009.html
Royals,Daredevils,Royals,62 runs,Ahmedabad,05-15-2014,2014,http://stats.espncricinfo.com/indian-premier-league-2014/engine/match/734011.html
Super Kings,RCB,RCB,5 wickets,Ranchi,05-18-2014,2014,http://stats.espncricinfo.com/indian-premier-league-2014/engine/match/734013.html
Sunrisers,KKR,KKR,7 wickets,Hyderabad (Deccan),05-18-2014,2014,http://stats.espncricinfo.com/indian-premier-league-2014/engine/match/734015.html
Royals,Mum Indians,Mum Indians,25 runs,Ahmedabad,05-19-2014,2014,http://stats.espncricinfo.com/indian-premier-league-2014/engine/match/734017.html
Daredevils,Kings XI,Kings XI,4 wickets,Delhi,05-19-2014,2014,http://stats.espncricinfo.com/indian-premier-league-2014/engine/match/734019.html
Sunrisers,RCB,Sunrisers,7 wickets,Hyderabad (Deccan),05-20-2014,2014,http://stats.espncricinfo.com/indian-premier-league-2014/engine/match/734021.html
KKR,Super Kings,KKR,8 wickets,Kolkata,05-20-2014,2014,http://stats.espncricinfo.com/indian-premier-league-2014/engine/match/734023.html
Kings XI,Mum Indians,Mum Indians,7 wickets,Mohali,05-21-2014,2014,http://stats.espncricinfo.com/indian-premier-league-2014/engine/match/734025.html
KKR,RCB,KKR,30 runs,Kolkata,05-22-2014,2014,http://stats.espncricinfo.com/indian-premier-league-2014/engine/match/734027.html
Super Kings,Sunrisers,Sunrisers,6 wickets,Ranchi,05-22-2014,2014,http://stats.espncricinfo.com/indian-premier-league-2014/engine/match/734029.html
Mum Indians,Daredevils,Mum Indians,15 runs,Mumbai,05-23-2014,2014,http://stats.espncricinfo.com/indian-premier-league-2014/engine/match/734031.html
Kings XI,Royals,Kings XI,16 runs,Mohali,05-23-2014,2014,http://stats.espncricinfo.com/indian-premier-league-2014/engine/match/734033.html
RCB,Super Kings,Super Kings,8 wickets,Bengaluru,05-24-2014,2014,http://stats.espncricinfo.com/indian-premier-league-2014/engine/match/734035.html
KKR,Sunrisers,KKR,4 wickets,Kolkata,05-24-2014,2014,http://stats.espncricinfo.com/indian-premier-league-2014/engine/match/734037.html
Kings XI,Daredevils,Kings XI,7 wickets,Mohali,05-25-2014,2014,http://stats.espncricinfo.com/indian-premier-league-2014/engine/match/734039.html
Mum Indians,Royals,Mum Indians,5 wickets,Mumbai,05-25-2014,2014,http://stats.espncricinfo.com/indian-premier-league-2014/engine/match/734041.html
Kings XI,KKR,KKR,28 runs,Kolkata,NA,NA,http://stats.espncricinfo.com/indian-premier-league-2014/engine/match/734043.html
Super Kings,Mum Indians,Super Kings,7 wickets,Mumbai (BS),05-28-2014,2014,http://stats.espncricinfo.com/indian-premier-league-2014/engine/match/734045.html
Super Kings,Kings XI,Kings XI,24 runs,Mumbai,05-30-2014,2014,http://stats.espncricinfo.com/indian-premier-league-2014/engine/match/734047.html
KKR,Kings XI,KKR,3 wickets,Bengaluru,06-01-2014,2014,http://stats.espncricinfo.com/indian-premier-league-2014/engine/match/734049.html
KKR,Daredevils,KKR,6 wickets,Kolkata,04-03-2013,2013,http://stats.espncricinfo.com/indian-premier-league-2013/engine/match/597998.html
RCB,Mum Indians,RCB,2 runs,Bengaluru,04-04-2013,2013,http://stats.espncricinfo.com/indian-premier-league-2013/engine/match/597999.html
Sunrisers,Warriors,Sunrisers,22 runs,Hyderabad (Deccan),04-05-2013,2013,http://stats.espncricinfo.com/indian-premier-league-2013/engine/match/598000.html
Daredevils,Royals,Royals,5 runs,Delhi,04-06-2013,2013,http://stats.espncricinfo.com/indian-premier-league-2013/engine/match/598001.html
Super Kings,Mum Indians,Mum Indians,9 runs,Chennai,04-06-2013,2013,http://stats.espncricinfo.com/indian-premier-league-2013/engine/match/598002.html
Warriors,Kings XI,Kings XI,8 wickets,Pune,04-07-2013,2013,http://stats.espncricinfo.com/indian-premier-league-2013/engine/match/598003.html
Sunrisers,RCB,tied,,Hyderabad (Deccan),04-07-2013,2013,http://stats.espncricinfo.com/indian-premier-league-2013/engine/match/598004.html
Royals,KKR,Royals,19 runs,Jaipur,04-08-2013,2013,http://stats.espncricinfo.com/indian-premier-league-2013/engine/match/598005.html
RCB,Sunrisers,RCB,7 wickets,Bengaluru,04-09-2013,2013,http://stats.espncricinfo.com/indian-premier-league-2013/engine/match/598048.html
Mum Indians,Daredevils,Mum Indians,44 runs,Mumbai,04-09-2013,2013,http://stats.espncricinfo.com/indian-premier-league-2013/engine/match/598006.html
Kings XI,Super Kings,Super Kings,10 wickets,Mohali,04-10-2013,2013,http://stats.espncricinfo.com/indian-premier-league-2013/engine/match/598007.html
RCB,KKR,RCB,8 wickets,Bengaluru,04-11-2013,2013,http://stats.espncricinfo.com/indian-premier-league-2013/engine/match/598008.html
Warriors,Royals,Warriors,7 wickets,Pune,04-11-2013,2013,http://stats.espncricinfo.com/indian-premier-league-2013/engine/match/598009.html
Daredevils,Sunrisers,Sunrisers,3 wickets,Delhi,04-12-2013,2013,http://stats.espncricinfo.com/indian-premier-league-2013/engine/match/598010.html
Mum Indians,Warriors,Mum Indians,41 runs,Mumbai,04-13-2013,2013,http://stats.espncricinfo.com/indian-premier-league-2013/engine/match/598011.html
Super Kings,RCB,Super Kings,4 wickets,Chennai,04-13-2013,2013,http://stats.espncricinfo.com/indian-premier-league-2013/engine/match/598012.html
KKR,Sunrisers,KKR,48 runs,Kolkata,04-14-2013,2013,http://stats.espncricinfo.com/indian-premier-league-2013/engine/match/598013.html
Royals,Kings XI,Royals,6 wickets,Jaipur,04-14-2013,2013,http://stats.espncricinfo.com/indian-premier-league-2013/engine/match/598014.html
Super Kings,Warriors,Warriors,24 runs,Chennai,04-15-2013,2013,http://stats.espncricinfo.com/indian-premier-league-2013/engine/match/598015.html
Kings XI,KKR,Kings XI,4 runs,Mohali,04-16-2013,2013,http://stats.espncricinfo.com/indian-premier-league-2013/engine/match/598016.html
RCB,Daredevils,tied,,Bengaluru,04-16-2013,2013,http://stats.espncricinfo.com/indian-premier-league-2013/engine/match/598017.html
Warriors,Sunrisers,Sunrisers,11 runs,Pune,04-17-2013,2013,http://stats.espncricinfo.com/indian-premier-league-2013/engine/match/598018.html
Royals,Mum Indians,Royals,87 runs,Jaipur,04-17-2013,2013,http://stats.espncricinfo.com/indian-premier-league-2013/engine/match/598019.html
Daredevils,Super Kings,Super Kings,86 runs,Delhi,04-18-2013,2013,http://stats.espncricinfo.com/indian-premier-league-2013/engine/match/598020.html
Sunrisers,Kings XI,Sunrisers,5 wickets,Hyderabad (Deccan),04-19-2013,2013,http://stats.espncricinfo.com/indian-premier-league-2013/engine/match/598021.html
KKR,Super Kings,Super Kings,4 wickets,Kolkata,04-20-2013,2013,http://stats.espncricinfo.com/indian-premier-league-2013/engine/match/598022.html
RCB,Royals,RCB,7 wickets,Bengaluru,04-20-2013,2013,http://stats.espncricinfo.com/indian-premier-league-2013/engine/match/598023.html
Daredevils,Mum Indians,Daredevils,9 wickets,Delhi,04-21-2013,2013,http://stats.espncricinfo.com/indian-premier-league-2013/engine/match/598024.html
Kings XI,Warriors,Kings XI,7 wickets,Mohali,04-21-2013,2013,http://stats.espncricinfo.com/indian-premier-league-2013/engine/match/598025.html
Super Kings,Royals,Super Kings,5 wickets,Chennai,04-22-2013,2013,http://stats.espncricinfo.com/indian-premier-league-2013/engine/match/598026.html
RCB,Warriors,RCB,130 runs,Bengaluru,04-23-2013,2013,http://stats.espncricinfo.com/indian-premier-league-2013/engine/match/598027.html
Daredevils,Kings XI,Kings XI,5 wickets,Delhi,04-23-2013,2013,http://stats.espncricinfo.com/indian-premier-league-2013/engine/match/598059.html
KKR,Mum Indians,Mum Indians,5 wickets,Kolkata,04-24-2013,2013,http://stats.espncricinfo.com/indian-premier-league-2013/engine/match/598029.html
Super Kings,Sunrisers,Super Kings,5 wickets,Chennai,04-25-2013,2013,http://stats.espncricinfo.com/indian-premier-league-2013/engine/match/598030.html
KKR,Kings XI,KKR,6 wickets,Kolkata,04-26-2013,2013,http://stats.espncricinfo.com/indian-premier-league-2013/engine/match/598031.html
Royals,Sunrisers,Royals,8 wickets,Jaipur,04-27-2013,2013,http://stats.espncricinfo.com/indian-premier-league-2013/engine/match/598032.html
Mum Indians,RCB,Mum Indians,58 runs,Mumbai,04-27-2013,2013,http://stats.espncricinfo.com/indian-premier-league-2013/engine/match/598033.html
Super Kings,KKR,Super Kings,14 runs,Chennai,04-28-2013,2013,http://stats.espncricinfo.com/indian-premier-league-2013/engine/match/598034.html
Daredevils,Warriors,Daredevils,15 runs,Raipur,04-28-2013,2013,http://stats.espncricinfo.com/indian-premier-league-2013/engine/match/598035.html
Royals,RCB,Royals,4 wickets,Jaipur,04-29-2013,2013,http://stats.espncricinfo.com/indian-premier-league-2013/engine/match/598036.html
Mum Indians,Kings XI,Mum Indians,4 runs,Mumbai,04-29-2013,2013,http://stats.espncricinfo.com/indian-premier-league-2013/engine/match/598037.html
Warriors,Super Kings,Super Kings,37 runs,Pune,04-30-2013,2013,http://stats.espncricinfo.com/indian-premier-league-2013/engine/match/598038.html
Sunrisers,Mum Indians,Sunrisers,7 wickets,Hyderabad (Deccan),05-01-2013,2013,http://stats.espncricinfo.com/indian-premier-league-2013/engine/match/598039.html
Daredevils,KKR,Daredevils,7 wickets,Raipur,05-01-2013,2013,http://stats.espncricinfo.com/indian-premier-league-2013/engine/match/598040.html
Super Kings,Kings XI,Super Kings,15 runs,Chennai,05-02-2013,2013,http://stats.espncricinfo.com/indian-premier-league-2013/engine/match/598041.html
Warriors,RCB,RCB,17 runs,Pune,05-02-2013,2013,http://stats.espncricinfo.com/indian-premier-league-2013/engine/match/598042.html
KKR,Royals,KKR,8 wickets,Kolkata,05-03-2013,2013,http://stats.espncricinfo.com/indian-premier-league-2013/engine/match/598043.html
Sunrisers,Daredevils,Sunrisers,6 wickets,Hyderabad (Deccan),05-04-2013,2013,http://stats.espncricinfo.com/indian-premier-league-2013/engine/match/598044.html
Mum Indians,Super Kings,Mum Indians,60 runs,Mumbai,05-05-2013,2013,http://stats.espncricinfo.com/indian-premier-league-2013/engine/match/598046.html
Royals,Warriors,Royals,5 wickets,Jaipur,05-05-2013,2013,http://stats.espncricinfo.com/indian-premier-league-2013/engine/match/598047.html
Kings XI,RCB,Kings XI,6 wickets,Mohali,05-06-2013,2013,http://stats.espncricinfo.com/indian-premier-league-2013/engine/match/598064.html
Royals,Daredevils,Royals,9 wickets,Jaipur,05-07-2013,2013,http://stats.espncricinfo.com/indian-premier-league-2013/engine/match/598049.html
Mum Indians,KKR,Mum Indians,65 runs,Mumbai,05-07-2013,2013,http://stats.espncricinfo.com/indian-premier-league-2013/engine/match/598050.html
Sunrisers,Super Kings,Super Kings,77 runs,Hyderabad (Deccan),05-08-2013,2013,http://stats.espncricinfo.com/indian-premier-league-2013/engine/match/598051.html
Kings XI,Royals,Royals,8 wickets,Mohali,05-09-2013,2013,http://stats.espncricinfo.com/indian-premier-league-2013/engine/match/598052.html
Warriors,KKR,KKR,46 runs,Pune,05-09-2013,2013,http://stats.espncricinfo.com/indian-premier-league-2013/engine/match/598053.html
Daredevils,RCB,RCB,4 runs,Delhi,05-10-2013,2013,http://stats.espncricinfo.com/indian-premier-league-2013/engine/match/598054.html
Warriors,Mum Indians,Mum Indians,5 wickets,Pune,05-11-2013,2013,http://stats.espncricinfo.com/indian-premier-league-2013/engine/match/598055.html
Kings XI,Sunrisers,Sunrisers,30 runs,Mohali,05-11-2013,2013,http://stats.espncricinfo.com/indian-premier-league-2013/engine/match/598056.html
KKR,RCB,KKR,5 wickets,Ranchi,05-12-2013,2013,http://stats.espncricinfo.com/indian-premier-league-2013/engine/match/598057.html
Royals,Super Kings,Royals,5 wickets,Jaipur,05-12-2013,2013,http://stats.espncricinfo.com/indian-premier-league-2013/engine/match/598058.html
Mum Indians,Sunrisers,Mum Indians,7 wickets,Mumbai,05-13-2013,2013,http://stats.espncricinfo.com/indian-premier-league-2013/engine/match/598060.html
RCB,Kings XI,Kings XI,7 wickets,Bengaluru,05-14-2013,2013,http://stats.espncricinfo.com/indian-premier-league-2013/engine/match/598045.html
Super Kings,Daredevils,Super Kings,33 runs,Chennai,05-14-2013,2013,http://stats.espncricinfo.com/indian-premier-league-2013/engine/match/598062.html
KKR,Warriors,Warriors,7 runs,Ranchi,05-15-2013,2013,http://stats.espncricinfo.com/indian-premier-league-2013/engine/match/598061.html
Mum Indians,Royals,Mum Indians,14 runs,Mumbai,05-15-2013,2013,http://stats.espncricinfo.com/indian-premier-league-2013/engine/match/598063.html
Kings XI,Daredevils,Kings XI,7 runs,Dharamsala,05-16-2013,2013,http://stats.espncricinfo.com/indian-premier-league-2013/engine/match/598028.html
Sunrisers,Royals,Sunrisers,23 runs,Hyderabad (Deccan),05-17-2013,2013,http://stats.espncricinfo.com/indian-premier-league-2013/engine/match/598065.html
Kings XI,Mum Indians,Kings XI,50 runs,Dharamsala,05-18-2013,2013,http://stats.espncricinfo.com/indian-premier-league-2013/engine/match/598066.html
RCB,Super Kings,RCB,24 runs,Bengaluru,05-18-2013,2013,http://stats.espncricinfo.com/indian-premier-league-2013/engine/match/598068.html
Warriors,Daredevils,Warriors,38 runs,Pune,05-19-2013,2013,http://stats.espncricinfo.com/indian-premier-league-2013/engine/match/598067.html
Sunrisers,KKR,Sunrisers,5 wickets,Hyderabad (Deccan),05-19-2013,2013,http://stats.espncricinfo.com/indian-premier-league-2013/engine/match/598069.html
Super Kings,Mum Indians,Super Kings,48 runs,Delhi,05-21-2013,2013,http://stats.espncricinfo.com/indian-premier-league-2013/engine/match/598070.html
Royals,Sunrisers,Royals,4 wickets,Delhi,05-22-2013,2013,http://stats.espncricinfo.com/indian-premier-league-2013/engine/match/598071.html
Mum Indians,Royals,Mum Indians,4 wickets,Kolkata,05-24-2013,2013,http://stats.espncricinfo.com/indian-premier-league-2013/engine/match/598072.html
Super Kings,Mum Indians,Mum Indians,23 runs,Kolkata,05-26-2013,2013,http://stats.espncricinfo.com/indian-premier-league-2013/engine/match/598073.html
Super Kings,Mum Indians,Mum Indians,8 wickets,Chennai,04-04-2012,2012,http://stats.espncricinfo.com/indian-premier-league-2012/engine/match/548306.html
KKR,Daredevils,Daredevils,8 wickets,Kolkata,04-05-2012,2012,http://stats.espncricinfo.com/indian-premier-league-2012/engine/match/548307.html
Mum Indians,Warriors,Warriors,28 runs,Mumbai,04-06-2012,2012,http://stats.espncricinfo.com/indian-premier-league-2012/engine/match/548308.html
Royals,Kings XI,Royals,31 runs,Jaipur,04-06-2012,2012,http://stats.espncricinfo.com/indian-premier-league-2012/engine/match/548309.html
RCB,Daredevils,RCB,20 runs,Bengaluru,04-07-2012,2012,http://stats.espncricinfo.com/indian-premier-league-2012/engine/match/548310.html
Chargers,Super Kings,Super Kings,74 runs,Visakhapatnam,04-07-2012,2012,http://stats.espncricinfo.com/indian-premier-league-2012/engine/match/548311.html
Royals,KKR,Royals,22 runs,Jaipur,04-08-2012,2012,http://stats.espncricinfo.com/indian-premier-league-2012/engine/match/548312.html
Warriors,Kings XI,Warriors,22 runs,Pune,04-08-2012,2012,http://stats.espncricinfo.com/indian-premier-league-2012/engine/match/548313.html
Chargers,Mum Indians,Mum Indians,5 wickets,Visakhapatnam,04-09-2012,2012,http://stats.espncricinfo.com/indian-premier-league-2012/engine/match/548314.html
RCB,KKR,KKR,42 runs,Bengaluru,04-10-2012,2012,http://stats.espncricinfo.com/indian-premier-league-2012/engine/match/548315.html
Daredevils,Super Kings,Daredevils,8 wickets,Delhi,04-10-2012,2012,http://stats.espncricinfo.com/indian-premier-league-2012/engine/match/548316.html
Mum Indians,Royals,Mum Indians,27 runs,Mumbai,04-11-2012,2012,http://stats.espncricinfo.com/indian-premier-league-2012/engine/match/548317.html
Super Kings,RCB,Super Kings,5 wickets,Chennai,04-12-2012,2012,http://stats.espncricinfo.com/indian-premier-league-2012/engine/match/548318.html
Kings XI,Warriors,Kings XI,7 wickets,Mohali,04-12-2012,2012,http://stats.espncricinfo.com/indian-premier-league-2012/engine/match/548319.html
KKR,Royals,KKR,5 wickets,Kolkata,04-13-2012,2012,http://stats.espncricinfo.com/indian-premier-league-2012/engine/match/548320.html
Warriors,Super Kings,Warriors,7 wickets,Pune,04-14-2012,2012,http://stats.espncricinfo.com/indian-premier-league-2012/engine/match/548322.html
KKR,Kings XI,Kings XI,2 runs,Kolkata,04-15-2012,2012,http://stats.espncricinfo.com/indian-premier-league-2012/engine/match/548323.html
RCB,Royals,Royals,59 runs,Bengaluru,04-15-2012,2012,http://stats.espncricinfo.com/indian-premier-league-2012/engine/match/548324.html
Mum Indians,Daredevils,Daredevils,7 wickets,Mumbai,04-16-2012,2012,http://stats.espncricinfo.com/indian-premier-league-2012/engine/match/548325.html
Royals,Chargers,Royals,5 wickets,Jaipur,04-17-2012,2012,http://stats.espncricinfo.com/indian-premier-league-2012/engine/match/548326.html
RCB,Warriors,RCB,6 wickets,Bengaluru,04-17-2012,2012,http://stats.espncricinfo.com/indian-premier-league-2012/engine/match/548327.html
Kings XI,KKR,KKR,8 wickets,Mohali,04-18-2012,2012,http://stats.espncricinfo.com/indian-premier-league-2012/engine/match/548328.html
Daredevils,Chargers,Daredevils,5 wickets,Delhi,04-19-2012,2012,http://stats.espncricinfo.com/indian-premier-league-2012/engine/match/548321.html
Super Kings,Warriors,Super Kings,13 runs,Chennai,04-19-2012,2012,http://stats.espncricinfo.com/indian-premier-league-2012/engine/match/548330.html
Kings XI,RCB,RCB,5 wickets,Mohali,04-20-2012,2012,http://stats.espncricinfo.com/indian-premier-league-2012/engine/match/548331.html
Super Kings,Royals,Super Kings,7 wickets,Chennai,04-21-2012,2012,http://stats.espncricinfo.com/indian-premier-league-2012/engine/match/548332.html
Daredevils,Warriors,Warriors,20 runs,Delhi,04-21-2012,2012,http://stats.espncricinfo.com/indian-premier-league-2012/engine/match/548333.html
Mum Indians,Kings XI,Kings XI,6 wickets,Mumbai,04-22-2012,2012,http://stats.espncricinfo.com/indian-premier-league-2012/engine/match/548334.html
Chargers,KKR,KKR,5 wickets,Cuttack,04-22-2012,2012,http://stats.espncricinfo.com/indian-premier-league-2012/engine/match/548335.html
Royals,RCB,RCB,46 runs,Jaipur,04-23-2012,2012,http://stats.espncricinfo.com/indian-premier-league-2012/engine/match/548336.html
Warriors,Daredevils,Daredevils,8 wickets,Pune,04-24-2012,2012,http://stats.espncricinfo.com/indian-premier-league-2012/engine/match/548337.html
KKR,Chargers,abandoned,,Kolkata,04-24-2012,2012,http://stats.espncricinfo.com/indian-premier-league-2012/engine/match/548338.html
Kings XI,Mum Indians,Mum Indians,4 wickets,Mohali,04-25-2012,2012,http://stats.espncricinfo.com/indian-premier-league-2012/engine/match/548339.html
RCB,Super Kings,no result,,Bengaluru,04-25-2012,2012,http://stats.espncricinfo.com/indian-premier-league-2012/engine/match/548340.html
Warriors,Chargers,Chargers,18 runs,Pune,04-26-2012,2012,http://stats.espncricinfo.com/indian-premier-league-2012/engine/match/548341.html
Daredevils,Mum Indians,Daredevils,37 runs,Delhi,04-27-2012,2012,http://stats.espncricinfo.com/indian-premier-league-2012/engine/match/548342.html
Super Kings,Kings XI,Kings XI,7 runs,Chennai,04-28-2012,2012,http://stats.espncricinfo.com/indian-premier-league-2012/engine/match/548343.html
KKR,RCB,KKR,47 runs,Kolkata,04-28-2012,2012,http://stats.espncricinfo.com/indian-premier-league-2012/engine/match/548344.html
Daredevils,Royals,Daredevils,1 run,Delhi,04-29-2012,2012,http://stats.espncricinfo.com/indian-premier-league-2012/engine/match/548345.html
Mum Indians,Chargers,Mum Indians,5 wickets,Mumbai,04-29-2012,2012,http://stats.espncricinfo.com/indian-premier-league-2012/engine/match/548346.html
Super Kings,KKR,KKR,5 wickets,Chennai,04-30-2012,2012,http://stats.espncricinfo.com/indian-premier-league-2012/engine/match/548347.html
Chargers,Warriors,Chargers,13 runs,Cuttack,05-01-2012,2012,http://stats.espncricinfo.com/indian-premier-league-2012/engine/match/548348.html
Royals,Daredevils,Daredevils,6 wickets,Jaipur,05-01-2012,2012,http://stats.espncricinfo.com/indian-premier-league-2012/engine/match/548349.html
RCB,Kings XI,Kings XI,4 wickets,Bengaluru,05-02-2012,2012,http://stats.espncricinfo.com/indian-premier-league-2012/engine/match/548350.html
Warriors,Mum Indians,Mum Indians,1 run,Pune,05-03-2012,2012,http://stats.espncricinfo.com/indian-premier-league-2012/engine/match/548351.html
Super Kings,Chargers,Super Kings,10 runs,Chennai,05-04-2012,2012,http://stats.espncricinfo.com/indian-premier-league-2012/engine/match/548352.html
KKR,Warriors,KKR,7 runs,Kolkata,05-05-2012,2012,http://stats.espncricinfo.com/indian-premier-league-2012/engine/match/548353.html
Kings XI,Royals,Royals,43 runs,Mohali,05-05-2012,2012,http://stats.espncricinfo.com/indian-premier-league-2012/engine/match/548354.html
Mum Indians,Super Kings,Mum Indians,2 wickets,Mumbai,05-06-2012,2012,http://stats.espncricinfo.com/indian-premier-league-2012/engine/match/548355.html
RCB,Chargers,RCB,5 wickets,Bengaluru,05-06-2012,2012,http://stats.espncricinfo.com/indian-premier-league-2012/engine/match/548356.html
Daredevils,KKR,KKR,6 wickets,Delhi,05-07-2012,2012,http://stats.espncricinfo.com/indian-premier-league-2012/engine/match/548357.html
Warriors,Royals,Royals,7 wickets,Pune,05-08-2012,2012,http://stats.espncricinfo.com/indian-premier-league-2012/engine/match/548358.html
Chargers,Kings XI,Kings XI,25 runs,Hyderabad (Deccan),05-08-2012,2012,http://stats.espncricinfo.com/indian-premier-league-2012/engine/match/548359.html
Mum Indians,RCB,RCB,9 wickets,Mumbai,05-09-2012,2012,http://stats.espncricinfo.com/indian-premier-league-2012/engine/match/548360.html
Chargers,Daredevils,Daredevils,9 wickets,Hyderabad (Deccan),05-10-2012,2012,http://stats.espncricinfo.com/indian-premier-league-2012/engine/match/548329.html
Royals,Super Kings,Super Kings,4 wickets,Jaipur,05-10-2012,2012,http://stats.espncricinfo.com/indian-premier-league-2012/engine/match/548361.html
Warriors,RCB,RCB,35 runs,Pune,05-11-2012,2012,http://stats.espncricinfo.com/indian-premier-league-2012/engine/match/548362.html
KKR,Mum Indians,Mum Indians,27 runs,Kolkata,05-12-2012,2012,http://stats.espncricinfo.com/indian-premier-league-2012/engine/match/548363.html
Super Kings,Daredevils,Super Kings,9 wickets,Chennai,05-12-2012,2012,http://stats.espncricinfo.com/indian-premier-league-2012/engine/match/548364.html
Royals,Warriors,Royals,45 runs,Jaipur,05-13-2012,2012,http://stats.espncricinfo.com/indian-premier-league-2012/engine/match/548365.html
Kings XI,Chargers,Kings XI,4 wickets,Mohali,05-13-2012,2012,http://stats.espncricinfo.com/indian-premier-league-2012/engine/match/548366.html
RCB,Mum Indians,Mum Indians,5 wickets,Bengaluru,05-14-2012,2012,http://stats.espncricinfo.com/indian-premier-league-2012/engine/match/548367.html
KKR,Super Kings,Super Kings,5 wickets,Kolkata,05-14-2012,2012,http://stats.espncricinfo.com/indian-premier-league-2012/engine/match/548368.html
Daredevils,Kings XI,Daredevils,5 wickets,Delhi,05-15-2012,2012,http://stats.espncricinfo.com/indian-premier-league-2012/engine/match/548369.html
Mum Indians,KKR,KKR,32 runs,Mumbai,05-16-2012,2012,http://stats.espncricinfo.com/indian-premier-league-2012/engine/match/548370.html
Kings XI,Super Kings,Kings XI,6 wickets,Dharamsala,05-17-2012,2012,http://stats.espncricinfo.com/indian-premier-league-2012/engine/match/548371.html
Daredevils,RCB,RCB,21 runs,Delhi,05-17-2012,2012,http://stats.espncricinfo.com/indian-premier-league-2012/engine/match/548372.html
Chargers,Royals,Chargers,5 wickets,Hyderabad (Deccan),05-18-2012,2012,http://stats.espncricinfo.com/indian-premier-league-2012/engine/match/548373.html
Kings XI,Daredevils,Daredevils,6 wickets,Dharamsala,05-19-2012,2012,http://stats.espncricinfo.com/indian-premier-league-2012/engine/match/548374.html
Warriors,KKR,KKR,34 runs,Pune,05-19-2012,2012,http://stats.espncricinfo.com/indian-premier-league-2012/engine/match/548375.html
Chargers,RCB,Chargers,9 runs,Hyderabad (Deccan),05-20-2012,2012,http://stats.espncricinfo.com/indian-premier-league-2012/engine/match/548376.html
Royals,Mum Indians,Mum Indians,10 wickets,Jaipur,05-20-2012,2012,http://stats.espncricinfo.com/indian-premier-league-2012/engine/match/548377.html
Daredevils,KKR,KKR,18 runs,Pune,05-22-2012,2012,http://stats.espncricinfo.com/indian-premier-league-2012/engine/match/548378.html
Super Kings,Mum Indians,Super Kings,38 runs,Bengaluru,05-23-2012,2012,http://stats.espncricinfo.com/indian-premier-league-2012/engine/match/548379.html
Daredevils,Super Kings,Super Kings,86 runs,Chennai,05-25-2012,2012,http://stats.espncricinfo.com/indian-premier-league-2012/engine/match/548380.html
KKR,Super Kings,KKR,5 wickets,Chennai,05-27-2012,2012,http://stats.espncricinfo.com/indian-premier-league-2012/engine/match/548381.html
Super Kings,KKR,Super Kings,2 runs,Chennai,04-08-2011,2011,http://stats.espncricinfo.com/indian-premier-league-2011/engine/match/501198.html
Chargers,Royals,Royals,8 wickets,Hyderabad (Deccan),04-09-2011,2011,http://stats.espncricinfo.com/indian-premier-league-2011/engine/match/501199.html
Kochi,RCB,RCB,6 wickets,Kochi,04-09-2011,2011,http://stats.espncricinfo.com/indian-premier-league-2011/engine/match/501200.html
Daredevils,Mum Indians,Mum Indians,8 wickets,Delhi,04-10-2011,2011,http://stats.espncricinfo.com/indian-premier-league-2011/engine/match/501201.html
Warriors,Kings XI,Warriors,7 wickets,Mumbai,04-10-2011,2011,http://stats.espncricinfo.com/indian-premier-league-2011/engine/match/501202.html
KKR,Chargers,KKR,9 runs,Kolkata,04-11-2011,2011,http://stats.espncricinfo.com/indian-premier-league-2011/engine/match/501203.html
Royals,Daredevils,Royals,6 wickets,Jaipur,04-12-2011,2011,http://stats.espncricinfo.com/indian-premier-league-2011/engine/match/501204.html
RCB,Mum Indians,Mum Indians,9 wickets,Bengaluru,04-12-2011,2011,http://stats.espncricinfo.com/indian-premier-league-2011/engine/match/501205.html
Kings XI,Super Kings,Kings XI,6 wickets,Mohali,04-13-2011,2011,http://stats.espncricinfo.com/indian-premier-league-2011/engine/match/501206.html
Warriors,Kochi,Warriors,4 wickets,Mumbai,04-13-2011,2011,http://stats.espncricinfo.com/indian-premier-league-2011/engine/match/501207.html
Chargers,RCB,Chargers,33 runs,Hyderabad (Deccan),04-14-2011,2011,http://stats.espncricinfo.com/indian-premier-league-2011/engine/match/501208.html
Royals,KKR,KKR,9 wickets,Jaipur,04-15-2011,2011,http://stats.espncricinfo.com/indian-premier-league-2011/engine/match/501209.html
Mum Indians,Kochi,Kochi,8 wickets,Mumbai,04-15-2011,2011,http://stats.espncricinfo.com/indian-premier-league-2011/engine/match/501210.html
Super Kings,RCB,Super Kings,21 runs,Chennai,04-16-2011,2011,http://stats.espncricinfo.com/indian-premier-league-2011/engine/match/501211.html
Chargers,Kings XI,Kings XI,8 wickets,Hyderabad (Deccan),04-16-2011,2011,http://stats.espncricinfo.com/indian-premier-league-2011/engine/match/501212.html
Warriors,Daredevils,Daredevils,3 wickets,Mumbai,04-17-2011,2011,http://stats.espncricinfo.com/indian-premier-league-2011/engine/match/501213.html
KKR,Royals,KKR,8 wickets,Kolkata,04-17-2011,2011,http://stats.espncricinfo.com/indian-premier-league-2011/engine/match/501214.html
Kochi,Super Kings,Kochi,7 wickets,Kochi,04-18-2011,2011,http://stats.espncricinfo.com/indian-premier-league-2011/engine/match/501215.html
Daredevils,Chargers,Chargers,16 runs,Delhi,04-19-2011,2011,http://stats.espncricinfo.com/indian-premier-league-2011/engine/match/501216.html
RCB,Royals,abandoned,,Bengaluru,04-19-2011,2011,http://stats.espncricinfo.com/indian-premier-league-2011/engine/match/501217.html
Mum Indians,Warriors,Mum Indians,7 wickets,Mumbai,04-20-2011,2011,http://stats.espncricinfo.com/indian-premier-league-2011/engine/match/501218.html
KKR,Kochi,Kochi,6 runs,Kolkata,04-20-2011,2011,http://stats.espncricinfo.com/indian-premier-league-2011/engine/match/501219.html
Kings XI,Royals,Kings XI,48 runs,Mohali,04-21-2011,2011,http://stats.espncricinfo.com/indian-premier-league-2011/engine/match/501220.html
KKR,RCB,RCB,9 wickets,Kolkata,04-22-2011,2011,http://stats.espncricinfo.com/indian-premier-league-2011/engine/match/501222.html
Mum Indians,Super Kings,Mum Indians,8 runs,Mumbai,04-22-2011,2011,http://stats.espncricinfo.com/indian-premier-league-2011/engine/match/501221.html
Daredevils,Kings XI,Daredevils,29 runs,Delhi,04-23-2011,2011,http://stats.espncricinfo.com/indian-premier-league-2011/engine/match/501223.html
Chargers,Mum Indians,Mum Indians,37 runs,Hyderabad (Deccan),04-24-2011,2011,http://stats.espncricinfo.com/indian-premier-league-2011/engine/match/501224.html
Royals,Kochi,Royals,8 wickets,Jaipur,04-24-2011,2011,http://stats.espncricinfo.com/indian-premier-league-2011/engine/match/501225.html
Super Kings,Warriors,Super Kings,25 runs,Chennai,04-25-2011,2011,http://stats.espncricinfo.com/indian-premier-league-2011/engine/match/501226.html
Daredevils,RCB,RCB,3 wickets,Delhi,04-26-2011,2011,http://stats.espncricinfo.com/indian-premier-league-2011/engine/match/501227.html
Warriors,Super Kings,Super Kings,8 wickets,Mumbai,04-27-2011,2011,http://stats.espncricinfo.com/indian-premier-league-2011/engine/match/501228.html
Kochi,Chargers,Chargers,55 runs,Kochi,04-27-2011,2011,http://stats.espncricinfo.com/indian-premier-league-2011/engine/match/501229.html
Daredevils,KKR,KKR,17 runs,Delhi,04-28-2011,2011,http://stats.espncricinfo.com/indian-premier-league-2011/engine/match/501230.html
Royals,Mum Indians,Royals,7 wickets,Jaipur,04-29-2011,2011,http://stats.espncricinfo.com/indian-premier-league-2011/engine/match/501231.html
RCB,Warriors,RCB,26 runs,Bengaluru,04-29-2011,2011,http://stats.espncricinfo.com/indian-premier-league-2011/engine/match/501232.html
Kochi,Daredevils,Daredevils,38 runs,Kochi,04-30-2011,2011,http://stats.espncricinfo.com/indian-premier-league-2011/engine/match/501233.html
KKR,Kings XI,KKR,8 wickets,Kolkata,04-30-2011,2011,http://stats.espncricinfo.com/indian-premier-league-2011/engine/match/501234.html
Royals,Warriors,Royals,6 wickets,Jaipur,05-01-2011,2011,http://stats.espncricinfo.com/indian-premier-league-2011/engine/match/501235.html
Super Kings,Chargers,Super Kings,19 runs,Chennai,05-01-2011,2011,http://stats.espncricinfo.com/indian-premier-league-2011/engine/match/501236.html
Mum Indians,Kings XI,Mum Indians,23 runs,Mumbai,05-02-2011,2011,http://stats.espncricinfo.com/indian-premier-league-2011/engine/match/501237.html
Daredevils,Kochi,Kochi,7 wickets,Delhi,05-02-2011,2011,http://stats.espncricinfo.com/indian-premier-league-2011/engine/match/501238.html
Chargers,KKR,KKR,20 runs,Hyderabad (Deccan),05-03-2011,2011,http://stats.espncricinfo.com/indian-premier-league-2011/engine/match/501239.html
Super Kings,Royals,Super Kings,8 wickets,Chennai,05-04-2011,2011,http://stats.espncricinfo.com/indian-premier-league-2011/engine/match/501240.html
Warriors,Mum Indians,Mum Indians,21 runs,Mumbai,05-04-2011,2011,http://stats.espncricinfo.com/indian-premier-league-2011/engine/match/501241.html
Kochi,KKR,Kochi,17 runs,Kochi,05-05-2011,2011,http://stats.espncricinfo.com/indian-premier-league-2011/engine/match/501242.html
Chargers,Daredevils,Daredevils,4 wickets,Hyderabad (Deccan),05-05-2011,2011,http://stats.espncricinfo.com/indian-premier-league-2011/engine/match/501243.html
RCB,Kings XI,RCB,85 runs,Bengaluru,05-06-2011,2011,http://stats.espncricinfo.com/indian-premier-league-2011/engine/match/501244.html
KKR,Super Kings,KKR,10 runs,Kolkata,05-07-2011,2011,http://stats.espncricinfo.com/indian-premier-league-2011/engine/match/501245.html
Mum Indians,Daredevils,Mum Indians,32 runs,Mumbai,05-07-2011,2011,http://stats.espncricinfo.com/indian-premier-league-2011/engine/match/501246.html
RCB,Kochi,RCB,9 wickets,Bengaluru,05-08-2011,2011,http://stats.espncricinfo.com/indian-premier-league-2011/engine/match/501247.html
Kings XI,Warriors,Warriors,5 wickets,Mohali,05-08-2011,2011,http://stats.espncricinfo.com/indian-premier-league-2011/engine/match/501248.html
Royals,Super Kings,Super Kings,63 runs,Jaipur,05-09-2011,2011,http://stats.espncricinfo.com/indian-premier-league-2011/engine/match/501249.html
Chargers,Warriors,Warriors,6 wickets,Hyderabad (Deccan),05-10-2011,2011,http://stats.espncricinfo.com/indian-premier-league-2011/engine/match/501250.html
Kings XI,Mum Indians,Kings XI,76 runs,Mohali,05-10-2011,2011,http://stats.espncricinfo.com/indian-premier-league-2011/engine/match/501251.html
Royals,RCB,RCB,9 wickets,Jaipur,05-11-2011,2011,http://stats.espncricinfo.com/indian-premier-league-2011/engine/match/501252.html
Super Kings,Daredevils,Super Kings,18 runs,Chennai,05-12-2011,2011,http://stats.espncricinfo.com/indian-premier-league-2011/engine/match/501253.html
Kochi,Kings XI,Kings XI,6 wickets,Indore,05-13-2011,2011,http://stats.espncricinfo.com/indian-premier-league-2011/engine/match/501254.html
RCB,KKR,RCB,4 wickets,Bengaluru,05-14-2011,2011,http://stats.espncricinfo.com/indian-premier-league-2011/engine/match/501255.html
Mum Indians,Chargers,Chargers,10 runs,Mumbai,05-14-2011,2011,http://stats.espncricinfo.com/indian-premier-league-2011/engine/match/501256.html
Kings XI,Daredevils,Kings XI,29 runs,Dharamsala,05-15-2011,2011,http://stats.espncricinfo.com/indian-premier-league-2011/engine/match/501257.html
Kochi,Royals,Kochi,8 wickets,Indore,05-15-2011,2011,http://stats.espncricinfo.com/indian-premier-league-2011/engine/match/501258.html
Warriors,Chargers,Chargers,6 wickets,Mumbai,05-16-2011,2011,http://stats.espncricinfo.com/indian-premier-league-2011/engine/match/501259.html
Kings XI,RCB,Kings XI,111 runs,Dharamsala,05-17-2011,2011,http://stats.espncricinfo.com/indian-premier-league-2011/engine/match/501260.html
Super Kings,Kochi,Super Kings,11 runs,Chennai,05-18-2011,2011,http://stats.espncricinfo.com/indian-premier-league-2011/engine/match/501261.html
Warriors,KKR,KKR,7 wickets,Mumbai,05-19-2011,2011,http://stats.espncricinfo.com/indian-premier-league-2011/engine/match/501262.html
Mum Indians,Royals,Royals,10 wickets,Mumbai,05-20-2011,2011,http://stats.espncricinfo.com/indian-premier-league-2011/engine/match/501263.html
Kings XI,Chargers,Chargers,82 runs,Dharamsala,05-21-2011,2011,http://stats.espncricinfo.com/indian-premier-league-2011/engine/match/501264.html
Daredevils,Warriors,no result,,Delhi,05-21-2011,2011,http://stats.espncricinfo.com/indian-premier-league-2011/engine/match/501265.html
RCB,Super Kings,RCB,8 wickets,Bengaluru,05-22-2011,2011,http://stats.espncricinfo.com/indian-premier-league-2011/engine/match/501266.html
KKR,Mum Indians,Mum Indians,5 wickets,Kolkata,05-22-2011,2011,http://stats.espncricinfo.com/indian-premier-league-2011/engine/match/501267.html
RCB,Super Kings,Super Kings,6 wickets,Mumbai,05-24-2011,2011,http://stats.espncricinfo.com/indian-premier-league-2011/engine/match/501268.html
KKR,Mum Indians,Mum Indians,4 wickets,Mumbai,05-25-2011,2011,http://stats.espncricinfo.com/indian-premier-league-2011/engine/match/501269.html
RCB,Mum Indians,RCB,43 runs,Chennai,05-27-2011,2011,http://stats.espncricinfo.com/indian-premier-league-2011/engine/match/501270.html
Super Kings,RCB,Super Kings,58 runs,Chennai,05-28-2011,2011,http://stats.espncricinfo.com/indian-premier-league-2011/engine/match/501271.html
Chargers,KKR,KKR,11 runs,Mumbai,03-12-2010,2010,http://stats.espncricinfo.com/ipl2010/engine/match/419106.html
Mum Indians,Royals,Mum Indians,4 runs,Mumbai (BS),03-13-2010,2010,http://stats.espncricinfo.com/ipl2010/engine/match/419107.html
Kings XI,Daredevils,Daredevils,5 wickets,Mohali,03-13-2010,2010,http://stats.espncricinfo.com/ipl2010/engine/match/419108.html
KKR,RCB,KKR,7 wickets,Kolkata,03-14-2010,2010,http://stats.espncricinfo.com/ipl2010/engine/match/419109.html
Super Kings,Chargers,Chargers,31 runs,Chennai,03-14-2010,2010,http://stats.espncricinfo.com/ipl2010/engine/match/419110.html
Royals,Daredevils,Daredevils,6 wickets,Ahmedabad,03-15-2010,2010,http://stats.espncricinfo.com/ipl2010/engine/match/419111.html
RCB,Kings XI,RCB,8 wickets,Bengaluru,03-16-2010,2010,http://stats.espncricinfo.com/ipl2010/engine/match/419112.html
KKR,Super Kings,Super Kings,55 runs,Kolkata,03-16-2010,2010,http://stats.espncricinfo.com/ipl2010/engine/match/419113.html
Daredevils,Mum Indians,Mum Indians,98 runs,Delhi,03-17-2010,2010,http://stats.espncricinfo.com/ipl2010/engine/match/419114.html
RCB,Royals,RCB,10 wickets,Bengaluru,03-18-2010,2010,http://stats.espncricinfo.com/ipl2010/engine/match/419115.html
Daredevils,Super Kings,Super Kings,5 wickets,Delhi,03-19-2010,2010,http://stats.espncricinfo.com/ipl2010/engine/match/419116.html
Chargers,Kings XI,Chargers,6 runs,Cuttack,03-19-2010,2010,http://stats.espncricinfo.com/ipl2010/engine/match/419117.html
Royals,KKR,Royals,34 runs,Ahmedabad,03-20-2010,2010,http://stats.espncricinfo.com/ipl2010/engine/match/419118.html
Mum Indians,RCB,RCB,7 wickets,Mumbai (BS),03-20-2010,2010,http://stats.espncricinfo.com/ipl2010/engine/match/419119.html
Chargers,Daredevils,Chargers,10 runs,Cuttack,03-21-2010,2010,http://stats.espncricinfo.com/ipl2010/engine/match/419120.html
Super Kings,Kings XI,tied,,Chennai,03-21-2010,2010,http://stats.espncricinfo.com/ipl2010/engine/match/419121.html
Mum Indians,KKR,Mum Indians,7 wickets,Mumbai (BS),03-22-2010,2010,http://stats.espncricinfo.com/ipl2010/engine/match/419122.html
RCB,Super Kings,RCB,36 runs,Bengaluru,03-23-2010,2010,http://stats.espncricinfo.com/ipl2010/engine/match/419123.html
Kings XI,Royals,Royals,31 runs,Mohali,03-24-2010,2010,http://stats.espncricinfo.com/ipl2010/engine/match/419124.html
RCB,Daredevils,Daredevils,17 runs,Bengaluru,03-25-2010,2010,http://stats.espncricinfo.com/ipl2010/engine/match/419128.html
Mum Indians,Super Kings,Mum Indians,5 wickets,Mumbai (BS),03-25-2010,2010,http://stats.espncricinfo.com/ipl2010/engine/match/419125.html
Royals,Chargers,Royals,8 wickets,Ahmedabad,03-26-2010,2010,http://stats.espncricinfo.com/ipl2010/engine/match/419126.html
Kings XI,KKR,KKR,39 runs,Mohali,03-27-2010,2010,http://stats.espncricinfo.com/ipl2010/engine/match/419127.html
Royals,Super Kings,Royals,17 runs,Ahmedabad,03-28-2010,2010,http://stats.espncricinfo.com/ipl2010/engine/match/419129.html
Chargers,Mum Indians,Mum Indians,41 runs,Mumbai,03-28-2010,2010,http://stats.espncricinfo.com/ipl2010/engine/match/419130.html
Daredevils,KKR,Daredevils,40 runs,Delhi,03-29-2010,2010,http://stats.espncricinfo.com/ipl2010/engine/match/419131.html
Mum Indians,Kings XI,Mum Indians,4 wickets,Mumbai (BS),03-30-2010,2010,http://stats.espncricinfo.com/ipl2010/engine/match/419132.html
Super Kings,RCB,Super Kings,5 wickets,Chennai,03-31-2010,2010,http://stats.espncricinfo.com/ipl2010/engine/match/419133.html
Daredevils,Royals,Daredevils,67 runs,Delhi,03-31-2010,2010,http://stats.espncricinfo.com/ipl2010/engine/match/419134.html
KKR,Chargers,KKR,24 runs,Kolkata,04-01-2010,2010,http://stats.espncricinfo.com/ipl2010/engine/match/419135.html
Kings XI,RCB,RCB,6 wickets,Mohali,04-02-2010,2010,http://stats.espncricinfo.com/ipl2010/engine/match/419136.html
Super Kings,Royals,Super Kings,23 runs,Chennai,04-03-2010,2010,http://stats.espncricinfo.com/ipl2010/engine/match/419137.html
Mum Indians,Chargers,Mum Indians,63 runs,Mumbai (BS),04-03-2010,2010,http://stats.espncricinfo.com/ipl2010/engine/match/419138.html
KKR,Kings XI,Kings XI,8 wickets,Kolkata,04-04-2010,2010,http://stats.espncricinfo.com/ipl2010/engine/match/419139.html
Daredevils,RCB,Daredevils,37 runs,Delhi,04-04-2010,2010,http://stats.espncricinfo.com/ipl2010/engine/match/419140.html
Chargers,Royals,Royals,2 runs,Nagpur,04-05-2010,2010,http://stats.espncricinfo.com/ipl2010/engine/match/419141.html
Super Kings,Mum Indians,Super Kings,24 runs,Chennai,04-06-2010,2010,http://stats.espncricinfo.com/ipl2010/engine/match/419142.html
Royals,Kings XI,Royals,9 wickets,Jaipur,04-07-2010,2010,http://stats.espncricinfo.com/ipl2010/engine/match/419143.html
KKR,Daredevils,KKR,14 runs,Kolkata,04-07-2010,2010,http://stats.espncricinfo.com/ipl2010/engine/match/419144.html
RCB,Chargers,Chargers,7 wickets,Bengaluru,04-08-2010,2010,http://stats.espncricinfo.com/ipl2010/engine/match/419145.html
Kings XI,Mum Indians,Kings XI,6 wickets,Mohali,04-09-2010,2010,http://stats.espncricinfo.com/ipl2010/engine/match/419146.html
Chargers,Super Kings,Chargers,6 wickets,Nagpur,04-10-2010,2010,http://stats.espncricinfo.com/ipl2010/engine/match/419147.html
RCB,KKR,RCB,7 wickets,Bengaluru,04-10-2010,2010,http://stats.espncricinfo.com/ipl2010/engine/match/419148.html
Daredevils,Kings XI,Kings XI,7 wickets,Delhi,04-11-2010,2010,http://stats.espncricinfo.com/ipl2010/engine/match/419149.html
Royals,Mum Indians,Mum Indians,37 runs,Jaipur,04-11-2010,2010,http://stats.espncricinfo.com/ipl2010/engine/match/419150.html
Chargers,RCB,Chargers,13 runs,Nagpur,04-12-2010,2010,http://stats.espncricinfo.com/ipl2010/engine/match/419151.html
Mum Indians,Daredevils,Mum Indians,39 runs,Mumbai (BS),04-13-2010,2010,http://stats.espncricinfo.com/ipl2010/engine/match/419152.html
Super Kings,KKR,Super Kings,9 wickets,Chennai,04-13-2010,2010,http://stats.espncricinfo.com/ipl2010/engine/match/419153.html
Royals,RCB,RCB,5 wickets,Jaipur,04-14-2010,2010,http://stats.espncricinfo.com/ipl2010/engine/match/419154.html
Super Kings,Daredevils,Daredevils,6 wickets,Chennai,04-15-2010,2010,http://stats.espncricinfo.com/ipl2010/engine/match/419155.html
Kings XI,Chargers,Chargers,5 wickets,Dharamsala,04-16-2010,2010,http://stats.espncricinfo.com/ipl2010/engine/match/419156.html
RCB,Mum Indians,Mum Indians,57 runs,Bengaluru,04-17-2010,2010,http://stats.espncricinfo.com/ipl2010/engine/match/419157.html
KKR,Royals,KKR,8 wickets,Kolkata,04-17-2010,2010,http://stats.espncricinfo.com/ipl2010/engine/match/419158.html
Kings XI,Super Kings,Super Kings,6 wickets,Dharamsala,04-18-2010,2010,http://stats.espncricinfo.com/ipl2010/engine/match/419159.html
Daredevils,Chargers,Chargers,11 runs,Delhi,04-18-2010,2010,http://stats.espncricinfo.com/ipl2010/engine/match/419160.html
KKR,Mum Indians,KKR,9 wickets,Kolkata,04-19-2010,2010,http://stats.espncricinfo.com/ipl2010/engine/match/419161.html
RCB,Mum Indians,Mum Indians,35 runs,Mumbai,04-21-2010,2010,http://stats.espncricinfo.com/ipl2010/engine/match/419162.html
Super Kings,Chargers,Super Kings,38 runs,Mumbai,04-22-2010,2010,http://stats.espncricinfo.com/ipl2010/engine/match/419163.html
RCB,Chargers,RCB,9 wickets,Mumbai,04-24-2010,2010,http://stats.espncricinfo.com/ipl2010/engine/match/419164.html
Super Kings,Mum Indians,Super Kings,22 runs,Mumbai,04-25-2010,2010,http://stats.espncricinfo.com/ipl2010/engine/match/419165.html
Super Kings,Mum Indians,Mum Indians,19 runs,Cape Town,04-18-2009,2009,http://stats.espncricinfo.com/ipl2009/engine/match/392181.html
RCB,Royals,RCB,75 runs,Cape Town,04-18-2009,2009,http://stats.espncricinfo.com/ipl2009/engine/match/392182.html
Daredevils,Kings XI,Daredevils,10 wickets,Cape Town,04-19-2009,2009,http://stats.espncricinfo.com/ipl2009/engine/match/392183.html
Chargers,KKR,Chargers,8 wickets,Cape Town,04-19-2009,2009,http://stats.espncricinfo.com/ipl2009/engine/match/392184.html
RCB,Super Kings,Super Kings,92 runs,Port Elizabeth,04-20-2009,2009,http://stats.espncricinfo.com/ipl2009/engine/match/392185.html
Kings XI,KKR,KKR,11 runs,Durban,04-21-2009,2009,http://stats.espncricinfo.com/ipl2009/engine/match/392186.html
Mum Indians,Royals,abandoned,,Durban,04-21-2009,2009,http://stats.espncricinfo.com/ipl2009/engine/match/392187.html
RCB,Chargers,Chargers,24 runs,Cape Town,04-22-2009,2009,http://stats.espncricinfo.com/ipl2009/engine/match/392188.html
Super Kings,Daredevils,Daredevils,9 runs,Durban,04-23-2009,2009,http://stats.espncricinfo.com/ipl2009/engine/match/392189.html
KKR,Royals,tied,,Cape Town,04-23-2009,2009,http://stats.espncricinfo.com/ipl2009/engine/match/392190.html
RCB,Kings XI,Kings XI,7 wickets,Durban,04-24-2009,2009,http://stats.espncricinfo.com/ipl2009/engine/match/392191.html
Chargers,Mum Indians,Chargers,12 runs,Durban,04-25-2009,2009,http://stats.espncricinfo.com/ipl2009/engine/match/392192.html
Super Kings,KKR,abandoned,,Cape Town,04-25-2009,2009,http://stats.espncricinfo.com/ipl2009/engine/match/392193.html
RCB,Daredevils,Daredevils,6 wickets,Port Elizabeth,04-26-2009,2009,http://stats.espncricinfo.com/ipl2009/engine/match/392194.html
Kings XI,Royals,Kings XI,27 runs,Cape Town,04-26-2009,2009,http://stats.espncricinfo.com/ipl2009/engine/match/392195.html
Super Kings,Chargers,Chargers,6 wickets,Durban,04-27-2009,2009,http://stats.espncricinfo.com/ipl2009/engine/match/392196.html
KKR,Mum Indians,Mum Indians,92 runs,Port Elizabeth,04-27-2009,2009,http://stats.espncricinfo.com/ipl2009/engine/match/392197.html
Daredevils,Royals,Royals,5 wickets,Centurion,04-28-2009,2009,http://stats.espncricinfo.com/ipl2009/engine/match/392198.html
RCB,KKR,RCB,5 wickets,Durban,04-29-2009,2009,http://stats.espncricinfo.com/ipl2009/engine/match/392199.html
Kings XI,Mum Indians,Kings XI,3 runs,Durban,04-29-2009,2009,http://stats.espncricinfo.com/ipl2009/engine/match/392200.html
Chargers,Daredevils,Daredevils,6 wickets,Centurion,04-30-2009,2009,http://stats.espncricinfo.com/ipl2009/engine/match/392201.html
Super Kings,Royals,Super Kings,38 runs,Centurion,04-30-2009,2009,http://stats.espncricinfo.com/ipl2009/engine/match/392202.html
KKR,Mum Indians,Mum Indians,9 runs,East London,05-01-2009,2009,http://stats.espncricinfo.com/ipl2009/engine/match/392203.html
RCB,Kings XI,RCB,8 runs,Durban,05-01-2009,2009,http://stats.espncricinfo.com/ipl2009/engine/match/392204.html
Chargers,Royals,Royals,3 wickets,Port Elizabeth,05-02-2009,2009,http://stats.espncricinfo.com/ipl2009/engine/match/392205.html
Super Kings,Daredevils,Super Kings,18 runs,Johannesburg,05-02-2009,2009,http://stats.espncricinfo.com/ipl2009/engine/match/392206.html
Kings XI,KKR,Kings XI,6 wickets,Port Elizabeth,05-03-2009,2009,http://stats.espncricinfo.com/ipl2009/engine/match/392207.html
RCB,Mum Indians,RCB,9 wickets,Johannesburg,05-03-2009,2009,http://stats.espncricinfo.com/ipl2009/engine/match/392208.html
Super Kings,Chargers,Super Kings,78 runs,East London,05-04-2009,2009,http://stats.espncricinfo.com/ipl2009/engine/match/392209.html
Kings XI,Royals,Royals,78 runs,Durban,05-05-2009,2009,http://stats.espncricinfo.com/ipl2009/engine/match/392210.html
Daredevils,KKR,Daredevils,9 wickets,Durban,05-05-2009,2009,http://stats.espncricinfo.com/ipl2009/engine/match/392211.html
Chargers,Mum Indians,Chargers,19 runs,Centurion,05-06-2009,2009,http://stats.espncricinfo.com/ipl2009/engine/match/392212.html
RCB,Royals,Royals,7 wickets,Centurion,05-07-2009,2009,http://stats.espncricinfo.com/ipl2009/engine/match/392213.html
Super Kings,Kings XI,Super Kings,12 runs,Centurion,05-07-2009,2009,http://stats.espncricinfo.com/ipl2009/engine/match/392214.html
Daredevils,Mum Indians,Daredevils,7 wickets,East London,05-08-2009,2009,http://stats.espncricinfo.com/ipl2009/engine/match/392215.html
Chargers,Kings XI,Kings XI,3 wickets,Kimberley,05-09-2009,2009,http://stats.espncricinfo.com/ipl2009/engine/match/392216.html
Super Kings,Royals,Super Kings,7 wickets,Kimberley,05-09-2009,2009,http://stats.espncricinfo.com/ipl2009/engine/match/392217.html
RCB,Mum Indians,Mum Indians,16 runs,Port Elizabeth,05-10-2009,2009,http://stats.espncricinfo.com/ipl2009/engine/match/392218.html
Daredevils,KKR,Daredevils,7 wickets,Johannesburg,05-10-2009,2009,http://stats.espncricinfo.com/ipl2009/engine/match/392219.html
Chargers,Royals,Chargers,53 runs,Kimberley,05-11-2009,2009,http://stats.espncricinfo.com/ipl2009/engine/match/392220.html
RCB,KKR,RCB,6 wickets,Centurion,05-12-2009,2009,http://stats.espncricinfo.com/ipl2009/engine/match/392221.html
Kings XI,Mum Indians,Mum Indians,8 wickets,Centurion,05-12-2009,2009,http://stats.espncricinfo.com/ipl2009/engine/match/392222.html
Chargers,Daredevils,Daredevils,12 runs,Durban,05-13-2009,2009,http://stats.espncricinfo.com/ipl2009/engine/match/392223.html
RCB,Super Kings,RCB,2 wickets,Durban,05-14-2009,2009,http://stats.espncricinfo.com/ipl2009/engine/match/392224.html
Mum Indians,Royals,Royals,2 runs,Durban,05-14-2009,2009,http://stats.espncricinfo.com/ipl2009/engine/match/392225.html
Daredevils,Kings XI,Kings XI,6 wickets,Bloemfontein,05-15-2009,2009,http://stats.espncricinfo.com/ipl2009/engine/match/392226.html
Super Kings,Mum Indians,Super Kings,7 wickets,Port Elizabeth,05-16-2009,2009,http://stats.espncricinfo.com/ipl2009/engine/match/392227.html
Chargers,KKR,Chargers,6 wickets,Johannesburg,05-16-2009,2009,http://stats.espncricinfo.com/ipl2009/engine/match/392228.html
Chargers,Kings XI,Kings XI,1 run,Johannesburg,05-17-2009,2009,http://stats.espncricinfo.com/ipl2009/engine/match/392229.html
Daredevils,Royals,Daredevils,14 runs,Bloemfontein,05-17-2009,2009,http://stats.espncricinfo.com/ipl2009/engine/match/392230.html
Super Kings,KKR,KKR,7 wickets,Centurion,05-18-2009,2009,http://stats.espncricinfo.com/ipl2009/engine/match/392231.html
RCB,Daredevils,RCB,7 wickets,Johannesburg,05-19-2009,2009,http://stats.espncricinfo.com/ipl2009/engine/match/392232.html
KKR,Royals,KKR,4 wickets,Durban,05-20-2009,2009,http://stats.espncricinfo.com/ipl2009/engine/match/392233.html
Super Kings,Kings XI,Super Kings,24 runs,Durban,05-20-2009,2009,http://stats.espncricinfo.com/ipl2009/engine/match/392234.html
Daredevils,Mum Indians,Daredevils,4 wickets,Centurion,05-21-2009,2009,http://stats.espncricinfo.com/ipl2009/engine/match/392235.html
RCB,Chargers,RCB,12 runs,Centurion,05-21-2009,2009,http://stats.espncricinfo.com/ipl2009/engine/match/392236.html
Daredevils,Chargers,Chargers,6 wickets,Centurion,05-22-2009,2009,http://stats.espncricinfo.com/ipl2009/engine/match/392237.html
RCB,Super Kings,RCB,6 wickets,Johannesburg,05-23-2009,2009,http://stats.espncricinfo.com/ipl2009/engine/match/392238.html
RCB,Chargers,Chargers,6 runs,Johannesburg,05-24-2009,2009,http://stats.espncricinfo.com/ipl2009/engine/match/392239.html
RCB,KKR,KKR,140 runs,Bengaluru,04-18-2008,2008,http://stats.espncricinfo.com/ipl/engine/match/335982.html
Kings XI,Super Kings,Super Kings,33 runs,Mohali,04-19-2008,2008,http://stats.espncricinfo.com/ipl/engine/match/335983.html
Daredevils,Royals,Daredevils,9 wickets,Delhi,04-19-2008,2008,http://stats.espncricinfo.com/ipl/engine/match/335984.html
KKR,Chargers,KKR,5 wickets,Kolkata,04-20-2008,2008,http://stats.espncricinfo.com/ipl/engine/match/335986.html
Mum Indians,RCB,RCB,5 wickets,Mumbai,04-20-2008,2008,http://stats.espncricinfo.com/ipl/engine/match/335985.html
Royals,Kings XI,Royals,6 wickets,Jaipur,04-21-2008,2008,http://stats.espncricinfo.com/ipl/engine/match/335987.html
Chargers,Daredevils,Daredevils,9 wickets,Hyderabad (Deccan),04-22-2008,2008,http://stats.espncricinfo.com/ipl/engine/match/335988.html
Super Kings,Mum Indians,Super Kings,6 runs,Chennai,04-23-2008,2008,http://stats.espncricinfo.com/ipl/engine/match/335989.html
Chargers,Royals,Royals,3 wickets,Hyderabad (Deccan),04-24-2008,2008,http://stats.espncricinfo.com/ipl/engine/match/335990.html
Kings XI,Mum Indians,Kings XI,66 runs,Mohali,04-25-2008,2008,http://stats.espncricinfo.com/ipl/engine/match/335991.html
Super Kings,KKR,Super Kings,9 wickets,Chennai,04-26-2008,2008,http://stats.espncricinfo.com/ipl/engine/match/335993.html
RCB,Royals,Royals,7 wickets,Bengaluru,04-26-2008,2008,http://stats.espncricinfo.com/ipl/engine/match/335992.html
Kings XI,Daredevils,Kings XI,4 wickets,Mohali,04-27-2008,2008,http://stats.espncricinfo.com/ipl/engine/match/335995.html
Mum Indians,Chargers,Chargers,10 wickets,Mumbai,04-27-2008,2008,http://stats.espncricinfo.com/ipl/engine/match/335994.html
RCB,Super Kings,Super Kings,13 runs,Bengaluru,04-28-2008,2008,http://stats.espncricinfo.com/ipl/engine/match/335996.html
KKR,Mum Indians,Mum Indians,7 wickets,Kolkata,04-29-2008,2008,http://stats.espncricinfo.com/ipl/engine/match/335997.html
Daredevils,RCB,Daredevils,10 runs,Delhi,04-30-2008,2008,http://stats.espncricinfo.com/ipl/engine/match/335998.html
Royals,KKR,Royals,45 runs,Jaipur,05-01-2008,2008,http://stats.espncricinfo.com/ipl/engine/match/336000.html
Chargers,Kings XI,Kings XI,7 wickets,Hyderabad (Deccan),05-01-2008,2008,http://stats.espncricinfo.com/ipl/engine/match/335999.html
Super Kings,Daredevils,Daredevils,8 wickets,Chennai,05-02-2008,2008,http://stats.espncricinfo.com/ipl/engine/match/336001.html
RCB,Chargers,RCB,3 runs,Bengaluru,05-03-2008,2008,http://stats.espncricinfo.com/ipl/engine/match/336034.html
Kings XI,KKR,Kings XI,9 runs,Mohali,05-03-2008,2008,http://stats.espncricinfo.com/ipl/engine/match/336003.html
Mum Indians,Daredevils,Mum Indians,29 runs,Mumbai,05-04-2008,2008,http://stats.espncricinfo.com/ipl/engine/match/336004.html
Royals,Super Kings,Royals,8 wickets,Jaipur,05-04-2008,2008,http://stats.espncricinfo.com/ipl/engine/match/336005.html
RCB,Kings XI,Kings XI,6 wickets,Bengaluru,05-05-2008,2008,http://stats.espncricinfo.com/ipl/engine/match/336006.html
Super Kings,Chargers,Chargers,7 wickets,Chennai,05-06-2008,2008,http://stats.espncricinfo.com/ipl/engine/match/336007.html
Mum Indians,Royals,Mum Indians,7 wickets,Mumbai,05-07-2008,2008,http://stats.espncricinfo.com/ipl/engine/match/336008.html
Daredevils,Super Kings,Super Kings,4 wickets,Delhi,05-08-2008,2008,http://stats.espncricinfo.com/ipl/engine/match/336009.html
KKR,RCB,KKR,5 runs,Kolkata,05-08-2008,2008,http://stats.espncricinfo.com/ipl/engine/match/336010.html
Royals,Chargers,Royals,8 wickets,Jaipur,05-09-2008,2008,http://stats.espncricinfo.com/ipl/engine/match/336011.html
Super Kings,Kings XI,Super Kings,18 runs,Chennai,05-10-2008,2008,http://stats.espncricinfo.com/ipl/engine/match/336013.html
Chargers,KKR,KKR,23 runs,Hyderabad (Deccan),05-11-2008,2008,http://stats.espncricinfo.com/ipl/engine/match/336014.html
Royals,Daredevils,Royals,3 wickets,Jaipur,05-11-2008,2008,http://stats.espncricinfo.com/ipl/engine/match/336015.html
Kings XI,RCB,Kings XI,9 wickets,Mohali,05-12-2008,2008,http://stats.espncricinfo.com/ipl/engine/match/336016.html
KKR,Daredevils,KKR,23 runs,Kolkata,05-13-2008,2008,http://stats.espncricinfo.com/ipl/engine/match/336017.html
Mum Indians,Super Kings,Mum Indians,9 wickets,Mumbai,05-14-2008,2008,http://stats.espncricinfo.com/ipl/engine/match/336018.html
Daredevils,Chargers,Daredevils,12 runs,Delhi,05-15-2008,2008,http://stats.espncricinfo.com/ipl/engine/match/336020.html
Mum Indians,KKR,Mum Indians,8 wickets,Mumbai,05-16-2008,2008,http://stats.espncricinfo.com/ipl/engine/match/336021.html
Royals,RCB,Royals,65 runs,Jaipur,05-17-2008,2008,http://stats.espncricinfo.com/ipl/engine/match/336023.html
Daredevils,Kings XI,Kings XI,6 runs,Delhi,05-17-2008,2008,http://stats.espncricinfo.com/ipl/engine/match/336022.html
KKR,Super Kings,Super Kings,3 runs,Kolkata,05-18-2008,2008,http://stats.espncricinfo.com/ipl/engine/match/336025.html
Chargers,Mum Indians,Mum Indians,25 runs,Hyderabad (Deccan),05-18-2008,2008,http://stats.espncricinfo.com/ipl/engine/match/336024.html
RCB,Daredevils,Daredevils,5 wickets,Bengaluru,05-19-2008,2008,http://stats.espncricinfo.com/ipl/engine/match/336026.html
KKR,Royals,Royals,6 wickets,Kolkata,05-20-2008,2008,http://stats.espncricinfo.com/ipl/engine/match/336027.html
Mum Indians,Kings XI,Kings XI,1 run,Mumbai,05-21-2008,2008,http://stats.espncricinfo.com/ipl/engine/match/336028.html
Super Kings,RCB,RCB,14 runs,Chennai,05-21-2008,2008,http://stats.espncricinfo.com/ipl/engine/match/336029.html
Daredevils,KKR,abandoned,,Delhi,05-22-2008,2008,http://stats.espncricinfo.com/ipl/engine/match/336030.html
Kings XI,Chargers,Kings XI,6 wickets,Mohali,05-23-2008,2008,http://stats.espncricinfo.com/ipl/engine/match/336031.html
Super Kings,Royals,Royals,10 runs,Chennai,05-24-2008,2008,http://stats.espncricinfo.com/ipl/engine/match/336033.html
Daredevils,Mum Indians,Daredevils,5 wickets,Delhi,05-24-2008,2008,http://stats.espncricinfo.com/ipl/engine/match/336032.html
Chargers,RCB,RCB,5 wickets,Hyderabad (Deccan),05-25-2008,2008,http://stats.espncricinfo.com/ipl/engine/match/336002.html
KKR,Kings XI,KKR,3 wickets,Kolkata,05-25-2008,2008,http://stats.espncricinfo.com/ipl/engine/match/336035.html
Royals,Mum Indians,Royals,5 wickets,Jaipur,05-26-2008,2008,http://stats.espncricinfo.com/ipl/engine/match/336036.html
Chargers,Super Kings,Super Kings,7 wickets,Hyderabad (Deccan),05-27-2008,2008,http://stats.espncricinfo.com/ipl/engine/match/336037.html
RCB,Mum Indians,Mum Indians,9 wickets,Bengaluru,05-28-2008,2008,http://stats.espncricinfo.com/ipl/engine/match/336012.html
Kings XI,Royals,Kings XI,41 runs,Mohali,05-28-2008,2008,http://stats.espncricinfo.com/ipl/engine/match/336019.html
Daredevils,Royals,Royals,105 runs,Mumbai,05-30-2008,2008,http://stats.espncricinfo.com/ipl/engine/match/336038.html
Super Kings,Kings XI,Super Kings,9 wickets,Mumbai,05-31-2008,2008,http://stats.espncricinfo.com/ipl/engine/match/336039.html
Super Kings,Royals,Royals,3 wickets,Mumbai,06-01-2008,2008,http://stats.espncricinfo.com/ipl/engine/match/336040.html
